"Gen","C1","C2","C3","T1","T2","T3","Mean_Cx","Mean_Tx","DCT_Cx","DCT_Tx","DDCT","2^DDCT"
"PIF1",22.4,22,21,28,28.2,27.9,21.8,28.0333333333333,2.66,9.55,6.89,0.00843147059769086
"PLK1",22,21.8,21.6,21.7,21,21.5,21.8,21.4,2.66,2.91666666666667,0.256666666666668,0.83701961293845
"CCNB1",30.1,31.2,30.8,25.2,25.2,25.3,30.7,25.2333333333333,11.56,6.75,-4.81,28.0513830821131
"PCNA",20,20.3,20.2,24,24.2,24,20.1666666666667,24.0666666666667,1.02666666666667,5.58333333333333,4.55666666666666,0.0424919491504016
"CCNB2",33,33,33.1,24,25,26,33.0333333333333,25,13.8933333333333,6.51666666666667,-7.37666666666667,166.187339284682
"BRCA",21,20.5,20.4,19.1,19.2,19.5,20.6333333333333,19.2666666666667,1.49333333333333,0.783333333333331,-0.710000000000001,1.63580411711556
